Actual_PM2.5,Predicted_PM2.5,Error
351.0,343.84048,7.159515380859375
346.0,342.77533,3.22467041015625
339.0,313.9732,25.02679443359375
345.0,314.74664,30.25335693359375
362.0,336.06253,25.937469482421875
369.0,341.2749,27.72509765625
211.99999999999997,284.36942,-72.36941528320315
102.0,81.112915,20.8870849609375
50.0,57.771534,-7.771533966064453
42.0,38.558006,3.4419937133789062
54.0,37.941772,16.0582275390625
161.0,41.284344,119.71565628051758
314.0,196.79169,117.20831298828125
326.0,347.32428,-21.32427978515625
311.0,262.13895,48.861053466796875
311.0,300.8063,10.193695068359375
274.0,279.35654,-5.356536865234375
244.0,276.30637,-32.306365966796875
230.00000000000003,231.72887,-1.728866577148409
172.0,234.1673,-62.16729736328125
172.0,148.44276,23.557235717773438
171.0,177.82463,-6.8246307373046875
205.00000000000003,176.60687,28.39312744140628
216.99999999999997,217.07797,-0.07797241210940342
235.00000000000003,215.30403,19.695968627929716
250.00000000000003,237.01796,12.982040405273466
288.0,257.49875,30.501251220703125
324.0,334.849,-10.8489990234375
357.0,336.96985,20.0301513671875
344.0,343.57443,0.425567626953125
346.0,312.2448,33.75518798828125
347.0,336.21097,10.789031982421875
315.0,339.46295,-24.46295166015625
282.0,287.07202,-5.072021484375
271.0,243.83542,27.164581298828125
294.0,261.79135,32.208648681640625
356.0,324.35226,31.647735595703125
364.0,341.24875,22.751251220703125
305.0,331.9581,-26.958099365234375
268.0,275.94507,-7.945068359375
332.0,245.58705,86.41294860839844
389.0,344.64688,44.353118896484375
357.0,410.90692,-53.90692138671875
384.0,341.2877,42.712310791015625
429.0,410.9025,18.097503662109375
486.0,468.8515,17.14849853515625
480.99999999999994,450.73645,30.263549804687443
493.99999999999994,454.76126,39.23873901367182
496.0,449.4228,46.57720947265625
524.0,456.77716,67.22283935546875
522.0,461.7431,60.25689697265625
534.0,466.3958,67.60418701171875
544.0,461.02048,82.97952270507812
548.0,463.49542,84.50457763671875
537.0,444.30478,92.69522094726562
531.0,444.17752,86.82247924804688
514.0,437.89966,76.100341796875
475.0,447.37747,27.622528076171875
483.0,433.18002,49.819976806640625
500.00000000000006,457.18378,42.81622314453131
537.0,453.2982,83.70181274414062
523.0,478.76193,44.238067626953125
390.0,440.50577,-50.505767822265625
381.0,296.80197,84.19802856445312
384.0,337.76956,46.230438232421875
381.0,353.50348,27.49652099609375
347.0,402.7333,-55.733306884765625
329.0,326.87097,2.1290283203125
357.0,356.15308,0.846923828125
358.0,382.1342,-24.134185791015625
357.0,366.2097,-9.209686279296875
349.0,351.75604,-2.75604248046875
301.0,352.68088,-51.680877685546875
223.0,207.46896,15.531036376953125
155.0,168.20358,-13.203582763671875
153.0,144.93587,8.064132690429688
161.0,150.46342,10.536575317382812
175.0,162.3261,12.673904418945312
216.99999999999997,182.96451,34.03549194335935
271.0,255.02885,15.971145629882812
298.0,337.01965,-39.0196533203125
261.0,306.20996,-45.2099609375
254.0,243.65228,10.34771728515625
263.0,273.81277,-10.812774658203125
251.0,263.5523,-12.55230712890625
241.99999999999997,260.40063,-18.40063476562503
3.0,237.6481,-234.64810180664062
132.0,13.240358,118.75964164733887
185.0,176.52956,8.470443725585938
171.0,121.57166,49.42833709716797
176.0,162.91191,13.088088989257812
174.0,164.51431,9.485687255859375
173.0,164.86186,8.138137817382812
173.0,166.68661,6.313385009765625
174.0,176.03453,-2.0345306396484375
173.0,167.64154,5.35845947265625
177.0,175.40096,1.5990447998046875
179.0,175.50229,3.497711181640625
187.0,174.2443,12.755706787109375
194.0,187.92906,6.0709381103515625
169.0,171.08195,-2.0819549560546875
163.0,153.13782,9.8621826171875
165.0,168.68929,-3.6892852783203125
164.0,117.30001,46.699989318847656
165.0,218.61002,-53.610015869140625
171.0,164.86296,6.1370391845703125
178.0,173.98508,4.014923095703125
189.0,149.04884,39.95115661621094
211.99999999999997,241.69919,-29.699188232421903
199.0,220.77464,-21.774642944335938
215.00000000000003,186.59511,28.404891967773466
224.0,217.32436,6.6756439208984375
219.0,233.58438,-14.584381103515625
178.0,217.80063,-39.800628662109375
176.0,172.39809,3.6019134521484375
185.0,186.59372,-1.593719482421875
192.0,195.92313,-3.923126220703125
193.0,172.68752,20.312484741210938
200.0,221.68152,-21.6815185546875
197.0,193.83054,3.169464111328125
196.0,193.01044,2.98956298828125
197.0,167.49898,29.501022338867188
211.99999999999997,211.3262,0.6737976074218466
215.00000000000003,222.74904,-7.749038696289034
216.99999999999997,222.71605,-5.716049194335966
218.0,211.62842,6.37158203125
236.0,196.44786,39.55213928222656
241.99999999999997,276.8968,-34.89678955078128
230.00000000000003,227.95833,2.041671752929716
206.0,223.70738,-17.707382202148438
191.0,193.12375,-2.123748779296875
187.0,157.12503,29.874969482421875
149.0,202.57976,-53.57975769042969
167.0,146.85626,20.14373779296875
182.0,182.67334,-0.67333984375
163.0,162.94067,0.059326171875
114.0,163.20547,-49.205474853515625
101.0,92.94608,8.053916931152344
115.00000000000001,96.77261,18.22738647460939
120.99999999999999,117.09232,3.9076766967773295
120.99999999999999,116.762276,4.2377243041992045
127.0,117.6636,9.336402893066406
153.0,128.039,24.96099853515625
197.0,165.06583,31.934173583984375
184.0,172.44823,11.551773071289062
185.0,191.08083,-6.0808258056640625
189.0,103.41301,85.58699035644531
120.99999999999999,216.14128,-95.1412811279297
36.0,51.724613,-15.724613189697266
19.0,19.655241,-0.6552410125732422
16.0,25.09149,-9.091489791870117
15.000000000000002,25.39359,-10.393590927124022
21.0,24.835726,-3.835725784301758
14.0,31.63795,-17.637950897216797
18.0,17.112707,0.8872928619384766
28.999999999999996,29.061726,-0.06172561645508168
25.0,36.206734,-11.206733703613281
25.0,33.61253,-8.612529754638672
27.0,30.528751,-3.5287513732910156
26.0,37.29432,-11.294319152832031
28.999999999999996,33.999374,-4.999374389648441
128.0,41.95514,86.04486083984375
128.0,125.71635,2.2836532592773438
125.00000000000001,111.995895,13.004104614257827
112.0,108.112366,3.88763427734375
7.0,94.24248,-87.24247741699219
12.0,8.187126,3.8128738403320312
12.0,13.01091,-1.0109100341796875
9.0,12.319096,-3.3190956115722656
14.0,8.753444,5.246556282043457
9.0,9.63536,-0.6353597640991211
9.0,8.804874,0.19512557983398438
8.0,8.810723,-0.8107233047485352
8.0,9.167449,-1.1674489974975586
9.0,8.589759,0.41024112701416016
9.0,8.718482,0.28151798248291016
13.0,9.812951,3.18704891204834
8.0,10.416898,-2.416897773742676
9.0,7.8019075,1.1980924606323242
14.0,9.197482,4.802517890930176
9.0,11.038812,-2.038811683654785
11.0,9.80756,1.1924400329589844
13.0,10.383638,2.616361618041992
22.0,10.580577,11.41942310333252
24.0,18.132113,5.867887496948242
38.0,20.412777,17.587223052978516
38.0,33.55708,4.442920684814453
52.99999999999999,48.751114,4.24888610839843
69.0,61.05327,7.9467315673828125
97.0,67.824974,29.175025939941406
133.0,108.641716,24.35828399658203
151.0,148.53189,2.468109130859375
158.0,148.87744,9.12255859375
147.0,158.56732,-11.56732177734375
38.0,108.75507,-70.75507354736328
14.0,13.270463,0.7295370101928711
7.0,8.719496,-1.7194957733154297
9.0,8.1718645,0.8281354904174805
10.0,7.3994446,2.600555419921875
7.0,7.951646,-0.9516458511352539
11.0,7.93474,3.0652599334716797
3.0,10.479353,-7.479352951049805
7.0,8.356753,-1.3567533493041992
7.0,8.859622,-1.8596220016479492
9.0,9.84007,-0.8400697708129883
3.0,9.445717,-6.445716857910156
4.0,6.1987977,-2.1987977027893066
3.0,7.0051723,-4.005172252655029
9.0,8.063866,0.9361343383789062
7.0,9.274935,-2.274934768676758
13.0,11.779044,1.2209558486938477
51.0,24.258242,26.741758346557617
75.0,49.686367,25.31363296508789
70.0,74.01293,-4.012931823730469
85.0,81.8328,3.1671981811523438
86.0,89.096375,-3.09637451171875
87.0,85.70233,1.29766845703125
76.0,85.360664,-9.360664367675781
84.0,75.86909,8.130912780761719
87.0,76.11754,10.882461547851562
84.0,74.3155,9.684501647949219
92.0,71.361786,20.638214111328125
102.0,88.19483,13.805168151855469
110.99999999999999,89.91926,21.080741882324205
103.0,116.39354,-13.393539428710938
97.0,89.45043,7.549568176269531
100.0,89.051895,10.948104858398438
104.0,110.19052,-6.190521240234375
74.0,102.48123,-28.481231689453125
88.0,74.64124,13.358757019042969
119.0,97.82465,21.17534637451172
72.0,117.47224,-45.47223663330078
68.0,62.814247,5.185752868652344
120.99999999999999,79.299644,41.70035552978514
122.0,129.94868,-7.9486846923828125
122.0,125.72241,-3.722412109375
104.0,119.881584,-15.881584167480469
105.99999999999999,97.50781,8.492187499999986
96.0,112.938995,-16.938995361328125
50.0,89.68361,-39.68360900878906
35.0,44.091698,-9.091697692871094
22.0,29.582401,-7.582401275634766
31.0,23.081295,7.918704986572266
17.0,30.454826,-13.454826354980469
25.0,15.469473,9.530527114868164
13.0,17.724308,-4.724308013916016
25.0,12.838162,12.161837577819824
33.0,26.684902,6.315097808837891
33.0,29.973722,3.026277542114258
26.0,30.448269,-4.448268890380859
19.0,30.662544,-11.662544250488281
19.0,28.28666,-9.286659240722656
24.0,30.203524,-6.203523635864258
35.0,21.329248,13.670751571655273
69.0,33.104916,35.895084381103516
75.0,59.20322,15.79677963256836
78.0,64.9845,13.0155029296875
104.0,71.532036,32.46796417236328
110.00000000000001,104.05845,5.941551208496108
115.00000000000001,114.58939,0.41060638427735796
115.99999999999999,117.68087,-1.680870056152358
119.0,125.202934,-6.202934265136719
101.0,124.98301,-23.983009338378906
6.0,60.134037,-54.134037017822266
15.000000000000002,7.210794,7.789206027984621
15.000000000000002,9.692601,5.307398796081545
13.0,9.966349,3.033651351928711
19.0,7.702421,11.297578811645508
20.0,9.185548,10.814452171325684
16.0,14.351874,1.6481256484985352
13.0,10.099646,2.9003543853759766
6.0,9.2833395,-3.283339500427246
7.0,7.759321,-0.7593212127685547
17.0,8.243833,8.7561674118042
22.0,12.276955,9.723045349121094
21.0,15.548061,5.451938629150391
18.0,12.893281,5.106719017028809
8.0,16.279469,-8.279468536376953
19.0,8.833875,10.166125297546387
24.0,11.637179,12.362820625305176
12.0,17.737474,-5.73747444152832
10.0,9.450075,0.5499248504638672
9.0,11.320152,-2.3201522827148438
7.0,9.490225,-2.490224838256836
16.0,7.516287,8.483713150024414
17.0,13.7943125,3.2056875228881836
19.0,15.754056,3.245944023132324
11.0,17.514856,-6.514856338500977
18.0,12.074887,5.925112724304199
6.0,12.986931,-6.986930847167969
14.0,10.526432,3.4735679626464844
14.0,14.755186,-0.7551860809326172
8.0,13.405493,-5.405492782592773
15.000000000000002,11.762556,3.237443923950197
20.0,10.613766,9.386234283447266
11.0,8.598454,2.401545524597168
14.0,9.591707,4.408292770385742
17.0,11.239862,5.760137557983398
14.0,16.354723,-2.3547229766845703
17.0,14.716094,2.2839059829711914
15.000000000000002,13.739735,1.2602653503417987
15.000000000000002,14.727876,0.27212429046631037
11.0,11.214927,-0.21492671966552734
13.0,9.153297,3.8467025756835938
9.0,12.7343645,-3.7343645095825195
19.0,9.923118,9.076882362365723
23.0,25.259474,-2.2594738006591797
28.999999999999996,24.616003,4.383996963500973
33.0,32.036476,0.9635238647460938
51.0,60.69454,-9.694538116455078
50.0,73.66853,-23.668533325195312
43.0,79.40454,-36.404541015625
32.0,51.77576,-19.775760650634766
32.0,47.6057,-15.605701446533203
33.0,42.475353,-9.475353240966797
37.0,32.125214,4.874786376953125
46.0,41.66822,4.331779479980469
43.0,37.4996,5.500400543212891
37.0,51.381763,-14.381763458251953
22.0,43.747185,-21.74718475341797
28.0,24.903603,3.0963973999023438
33.0,29.420416,3.5795841217041016
30.000000000000004,37.997738,-7.997737884521481
36.0,40.276928,-4.276927947998047
34.0,44.64247,-10.642471313476562
31.0,35.94609,-4.9460906982421875
41.0,44.17728,-3.1772804260253906
52.0,50.986343,1.0136566162109375
56.0,59.90398,-3.903980255126953
59.0,61.61495,-2.614948272705078
67.0,66.59529,0.4047088623046875
62.99999999999999,78.80503,-15.805030822753913
66.0,73.08332,-7.083320617675781
62.0,70.73654,-8.736541748046875
84.0,78.426636,5.5733642578125
75.0,89.58856,-14.58856201171875
87.0,84.47513,2.524871826171875
94.0,94.67835,-0.6783523559570312
92.0,101.10358,-9.10357666015625
86.0,85.9358,0.06420135498046875
68.0,82.38256,-14.382560729980469
61.0,79.5621,-18.562103271484375
74.0,66.45858,7.541419982910156
78.0,78.26366,-0.2636566162109375
69.0,79.64497,-10.644973754882812
83.0,73.67545,9.324546813964844
60.00000000000001,79.820656,-19.8206558227539
64.0,57.954716,6.045284271240234
57.99999999999999,67.627426,-9.627426147460945
69.0,56.443077,12.556922912597656
66.0,72.576515,-6.576515197753906
71.0,71.91518,-0.9151763916015625
93.0,78.58374,14.416259765625
10.0,84.55331,-74.55330657958984
69.0,28.674866,40.32513427734375
41.0,82.01348,-41.01348114013672
13.0,76.01264,-63.01264190673828
90.0,36.306293,53.69370651245117
110.99999999999999,101.2865,9.713500976562486
115.00000000000001,119.48631,-4.486312866210923
105.00000000000001,119.11175,-14.111747741699205
113.0,101.22995,11.770050048828125
118.0,118.47184,-0.47183990478515625
104.0,122.527054,-18.527053833007812
114.0,101.52688,12.473121643066406
128.0,115.66278,12.33721923828125
120.99999999999999,124.76374,-3.7637405395507955
107.0,118.96942,-11.96942138671875
96.0,105.08127,-9.081268310546875
95.0,85.90969,9.090309143066406
105.99999999999999,103.931725,2.068275451660142
119.0,112.7353,6.264701843261719
142.0,122.68059,19.319412231445312
152.0,140.52072,11.479278564453125
158.0,147.89473,10.105270385742188
162.0,150.76147,11.238525390625
140.0,157.28868,-17.288681030273438
146.0,119.82069,26.17931365966797
167.0,144.19781,22.80218505859375
164.0,172.07298,-8.072982788085938
154.0,169.32195,-15.321945190429688
156.0,155.38742,0.612579345703125
161.0,153.59877,7.4012298583984375
157.0,155.74823,1.25177001953125
164.0,122.78653,41.213470458984375
155.0,153.40599,1.5940093994140625
65.0,99.00684,-34.00684356689453
31.0,33.451042,-2.4510421752929688
47.0,23.328703,23.671297073364258
34.0,36.898766,-2.8987655639648438
32.0,22.156992,9.843008041381836
31.0,10.963382,20.03661823272705
27.0,15.920257,11.079743385314941
28.0,16.922016,11.077983856201172
26.0,29.717201,-3.7172012329101562
26.0,24.241016,1.7589836120605469
20.0,24.017925,-4.017925262451172
20.0,17.797813,2.2021865844726562
20.0,18.65463,1.3453693389892578
28.999999999999996,19.57945,9.420549392700192
30.000000000000004,35.201508,-5.2015075683593714
52.99999999999999,37.465473,15.534526824951165
42.0,56.04334,-14.043338775634766
3.0,49.67021,-46.67021179199219
3.0,13.411427,-10.411426544189453
28.999999999999996,13.736701,15.263298988342282
48.0,34.910595,13.089405059814453
48.0,58.154964,-10.154964447021484
52.99999999999999,58.010086,-5.01008605957032
62.0,58.551743,3.4482574462890625
84.0,78.46136,5.538642883300781
95.0,106.77431,-11.774307250976562
97.0,108.74081,-11.740806579589844
105.00000000000001,106.93107,-1.931068420410142
110.99999999999999,109.65459,1.3454132080077983
115.99999999999999,117.68928,-1.6892776489257955
104.0,114.10532,-10.105323791503906
100.0,103.25964,-3.2596435546875
92.0,102.246925,-10.246925354003906
57.99999999999999,85.15039,-27.150390625000007
18.0,32.322796,-14.322795867919922
19.0,19.10196,-0.101959228515625
20.0,15.078765,4.921235084533691
11.0,14.360451,-3.3604507446289062
14.0,9.201756,4.798244476318359
15.000000000000002,9.878491,5.1215085983276385
11.0,11.097602,-0.09760189056396484
9.0,9.669536,-0.6695356369018555
11.0,7.781617,3.2183828353881836
8.0,7.045998,0.9540019035339355
8.0,6.2735076,1.7264924049377441
5.0,7.2184377,-2.218437671661377
9.0,6.22355,2.7764501571655273
11.0,7.2528176,3.7471823692321777
7.0,7.4832296,-0.4832296371459961
6.0,5.4567766,0.5432233810424805
5.0,5.4785676,-0.47856760025024414
7.0,6.214365,0.7856349945068359
6.0,6.3514366,-0.3514366149902344
9.0,6.6077886,2.392211437225342
7.0,8.732685,-1.7326850891113281
9.0,7.8723583,1.1276416778564453
12.0,9.946352,2.053647994995117
12.0,9.608421,2.3915786743164062
12.0,19.604086,-7.604085922241211
11.0,10.93139,0.06861019134521484
22.0,9.886666,12.113333702087402
26.0,19.330374,6.669626235961914
23.0,29.920345,-6.920345306396484
23.0,24.498814,-1.4988136291503906
24.0,26.451536,-2.451536178588867
26.0,31.99883,-5.998830795288086
32.0,32.03996,-0.039958953857421875
48.0,27.453856,20.546144485473633
48.0,49.489277,-1.4892768859863281
69.0,41.08584,27.914161682128906
68.0,63.059196,4.940803527832031
69.0,52.721615,16.278385162353516
70.0,64.30224,5.697761535644531
98.0,66.22944,31.77056121826172
96.0,70.42276,25.577239990234375
83.0,95.67227,-12.672271728515625
88.0,94.91818,-6.918182373046875
42.0,63.95503,-21.955028533935547
10.0,29.192806,-19.192806243896484
7.0,8.152621,-1.1526212692260742
8.0,7.336882,0.6631178855895996
6.0,7.2507324,-1.250732421875
8.0,8.869683,-0.8696832656860352
6.0,10.276406,-4.276406288146973
5.0,8.772975,-3.772974967956543
10.0,9.467969,0.5320310592651367
12.0,10.989645,1.010354995727539
7.0,11.078326,-4.078326225280762
5.0,8.204976,-3.2049760818481445
10.0,7.4684033,2.5315966606140137
10.0,9.893916,0.10608386993408203
7.0,11.895475,-4.895475387573242
12.0,9.506424,2.4935760498046875
8.0,9.463677,-1.4636774063110352
3.0,7.959912,-4.959911823272705
4.0,9.37717,-5.377169609069824
3.0,5.999423,-2.999423027038574
14.0,7.085894,6.9141058921813965
11.0,9.632424,1.3675756454467773
12.0,8.209076,3.790924072265625
7.0,8.870835,-1.870835304260254
9.0,7.5111365,1.488863468170166
14.0,9.519694,4.4803056716918945
19.0,10.885869,8.114130973815918
14.0,9.995205,4.004795074462891
19.0,10.260076,8.739924430847168
16.0,10.569464,5.430536270141602
14.0,14.397529,-0.39752864837646484
20.0,12.680914,7.319086074829102
21.0,20.398617,0.6013832092285156
31.0,23.700129,7.299871444702148
37.0,29.776127,7.223873138427734
56.0,30.573011,25.42698860168457
69.0,43.759567,25.240432739257812
75.0,70.49352,4.506477355957031
66.0,97.583176,-31.583175659179688
44.0,61.45534,-17.455341339111328
34.0,27.625122,6.3748779296875
37.0,28.767525,8.232475280761719
33.0,27.159155,5.840845108032227
28.999999999999996,28.152315,0.8476848602294886
21.0,18.082977,2.917022705078125
24.0,14.367432,9.632568359375
23.0,23.537596,-0.5375957489013672
12.0,15.714799,-3.714798927307129
13.0,8.456565,4.543435096740723
19.0,14.161736,4.838264465332031
9.0,10.982082,-1.9820823669433594
12.0,9.315937,2.684062957763672
15.000000000000002,14.0637245,0.9362754821777362
15.000000000000002,13.03505,1.9649496078491229
6.0,13.389026,-7.389025688171387
24.0,8.366338,15.633662223815918
28.0,31.016119,-3.0161190032958984
38.0,32.6113,5.388698577880859
42.0,32.08112,9.918880462646484
40.0,36.085285,3.914714813232422
45.0,28.021273,16.978727340698242
57.0,48.375652,8.624347686767578
66.0,60.420185,5.579814910888672
72.0,69.816895,2.18310546875
84.0,80.15687,3.8431320190429688
100.0,84.60701,15.392990112304688
104.0,119.3278,-15.327796936035156
107.0,104.91366,2.0863418579101562
105.00000000000001,109.81575,-4.815750122070298
107.0,105.9769,1.023101806640625
117.0,114.46197,2.5380325317382812
119.0,112.180374,6.8196258544921875
98.0,112.42081,-14.420806884765625
110.99999999999999,83.98067,27.019332885742173
95.0,111.35306,-16.353057861328125
52.0,61.321377,-9.32137680053711
27.0,40.16458,-13.164581298828125
42.0,28.981499,13.018501281738281
67.0,46.051125,20.948875427246094
69.0,70.55876,-1.5587615966796875
77.0,76.09655,0.9034500122070312
96.0,83.451096,12.548904418945312
113.0,121.32158,-8.321578979492188
114.0,125.67795,-11.677947998046875
125.00000000000001,139.16031,-14.16030883789061
124.0,142.54065,-18.5406494140625
120.00000000000001,139.90714,-19.90713500976561
120.00000000000001,133.64677,-13.646774291992173
118.0,129.57324,-11.5732421875
133.0,131.44691,1.5530853271484375
137.0,143.70654,-6.70654296875
143.0,152.44858,-9.448577880859375
162.0,180.66092,-18.660919189453125
180.0,195.7524,-15.752395629882812
190.0,195.00572,-5.0057220458984375
182.0,203.08643,-21.08642578125
193.0,194.39948,-1.39947509765625
206.99999999999997,167.00793,39.99206542968747
194.0,247.83147,-53.83146667480469
174.0,192.38579,-18.385787963867188
150.0,205.89723,-55.89723205566406
129.0,141.84712,-12.847122192382812
142.0,129.60585,12.394149780273438
143.0,158.09973,-15.0997314453125
150.0,158.65271,-8.6527099609375
157.0,161.19937,-4.199371337890625
170.0,167.27908,2.720916748046875
184.0,169.63806,14.3619384765625
175.0,179.57733,-4.57733154296875
177.0,170.87195,6.1280517578125
198.0,179.37842,18.62158203125
200.0,211.69409,-11.694091796875
221.99999999999997,207.64355,14.356445312499972
241.99999999999997,241.85493,0.14506530761715908
245.00000000000003,248.81631,-3.8163146972655966
274.0,251.31108,22.688919067382812
322.0,286.29245,35.707550048828125
364.0,338.5535,25.446502685546875
335.0,373.29196,-38.291961669921875
316.0,300.16028,15.8397216796875
307.0,308.65152,-1.651519775390625
306.0,306.13354,-0.133544921875
269.0,303.22763,-34.227630615234375
257.0,249.79573,7.2042694091796875
274.0,252.46469,21.535308837890625
285.0,288.4296,-3.429595947265625
286.0,291.1536,-5.153594970703125
210.00000000000003,267.33093,-57.33093261718747
109.0,156.59735,-47.59735107421875
59.0,50.909058,8.0909423828125
20.0,31.839567,-11.839567184448242
8.0,14.027917,-6.02791690826416
7.0,9.70266,-2.7026596069335938
9.0,9.8272,-0.8271999359130859
9.0,9.763703,-0.7637033462524414
9.0,10.245737,-1.245737075805664
6.0,10.255035,-4.255035400390625
5.0,8.886272,-3.886272430419922
17.0,8.885591,8.114409446716309
4.0,14.647024,-10.647024154663086
9.0,10.973976,-1.9739761352539062
7.0,9.472958,-2.4729576110839844
5.0,14.069391,-9.069391250610352
4.0,8.187512,-4.187512397766113
3.0,13.662285,-10.662284851074219
16.0,13.605162,2.394838333129883
13.0,10.452907,2.547093391418457
14.0,16.282314,-2.2823143005371094
32.0,15.1702385,16.829761505126953
37.0,32.497417,4.502582550048828
44.0,35.867188,8.1328125
41.0,36.30492,4.695079803466797
40.0,32.01488,7.985118865966797
45.0,35.14286,9.857139587402344
56.0,36.98562,19.014381408691406
55.00000000000001,49.901955,5.098045349121101
67.0,57.503174,9.496826171875
84.0,68.298004,15.701995849609375
118.0,82.15147,35.848533630371094
195.0,118.00631,76.99369049072266
233.0,201.00462,31.995376586914062
277.0,237.61871,39.38128662109375
327.0,263.1032,63.89678955078125
478.0,277.28503,200.7149658203125
743.0,440.09747,302.90252685546875
808.0,441.5016,366.4984130859375
691.0,444.9482,246.05178833007812
594.0,448.62955,145.37045288085938
386.0,447.00104,-61.00103759765625
359.0,298.2599,60.7401123046875
347.0,303.6419,43.35809326171875
307.0,313.477,-6.47698974609375
284.0,279.31702,4.6829833984375
240.00000000000003,266.51437,-26.514373779296847
251.99999999999997,210.24373,41.75627136230466
231.99999999999997,236.64401,-4.644012451171903
231.0,216.77104,14.228958129882812
223.0,216.84755,6.1524505615234375
233.0,216.5173,16.482696533203125
243.0,245.41751,-2.417510986328125
230.00000000000003,241.60196,-11.601959228515597
224.0,239.47107,-15.4710693359375
213.0,226.05997,-13.059967041015625
215.00000000000003,215.76373,-0.7637329101562216
241.99999999999997,219.11148,22.888519287109347
236.0,246.15564,-10.1556396484375
244.0,234.10112,9.898880004882812
255.00000000000003,233.36453,21.635467529296903
214.0,205.2308,8.769195556640625
42.0,142.97609,-100.97608947753906
9.0,8.148652,0.8513479232788086
12.0,7.339931,4.660068988800049
13.0,12.007092,0.9929075241088867
11.0,15.790266,-4.790266036987305
9.0,10.5140505,-1.5140504837036133
15.000000000000002,11.755124,3.244875907897951
10.0,13.6245775,-3.624577522277832
7.0,11.509493,-4.509492874145508
11.0,11.714719,-0.7147188186645508
11.0,10.676118,0.3238821029663086
11.0,14.113157,-3.113157272338867
14.0,10.542722,3.457278251647949
15.000000000000002,13.130281,1.869718551635744
15.000000000000002,16.855234,-1.8552341461181623
19.0,12.554768,6.445232391357422
9.0,12.08403,-3.0840301513671875
4.0,9.13683,-5.1368303298950195
5.0,6.7847385,-1.784738540649414
8.0,8.362584,-0.36258411407470703
8.0,8.042244,-0.04224395751953125
6.0,7.4290895,-1.4290895462036133
10.0,6.4591527,3.5408473014831543
12.0,6.264043,5.735957145690918
7.0,6.734062,0.26593780517578125
10.0,5.2495537,4.750446319580078
10.0,6.7773,3.2227001190185547
7.0,6.6370134,0.36298656463623047
14.0,5.7475643,8.252435684204102
9.0,8.375348,0.6246519088745117
11.0,7.3821692,3.617830753326416
15.000000000000002,10.208463,4.791537284851076
9.0,9.430244,-0.43024444580078125
5.0,7.913881,-2.9138808250427246
3.0,7.288823,-4.288823127746582
11.0,8.687051,2.3129491806030273
10.0,9.877035,0.12296485900878906
8.0,10.142396,-2.1423959732055664
57.99999999999999,8.267729,49.732271194458
112.0,54.6847,57.31529998779297
83.0,102.46575,-19.46575164794922
67.0,69.870224,-2.8702239990234375
62.99999999999999,58.142242,4.857757568359368
64.0,55.196,8.804000854492188
77.0,53.507896,23.492103576660156
90.0,85.31787,4.68212890625
99.0,74.77958,24.220420837402344
105.99999999999999,98.725845,7.274154663085923
97.0,98.813576,-1.8135757446289062
96.0,80.3347,15.665298461914062
96.0,88.828636,7.171363830566406
93.0,85.68946,7.310539245605469
110.99999999999999,81.53515,29.464851379394517
88.0,105.86531,-17.865310668945312
97.0,86.6362,10.363800048828125
123.0,96.1704,26.82959747314453
117.0,103.52416,13.475837707519531
3.0,107.20995,-104.20995330810547
3.0,11.86399,-8.86398983001709
69.0,30.09603,38.90397071838379
78.0,56.948273,21.051727294921875
76.0,56.644855,19.355144500732422
69.0,72.16491,-3.1649093627929688
77.0,64.24022,12.759780883789062
90.0,68.95732,21.042678833007812
98.0,84.56457,13.435432434082031
96.0,97.761475,-1.761474609375
15.000000000000002,77.12714,-62.12713623046875
12.0,8.812506,3.1874942779541016
5.0,10.883454,-5.883454322814941
6.0,8.224876,-2.2248764038085938
11.0,7.937903,3.0620970726013184
12.0,9.60089,2.3991098403930664
5.0,10.40983,-5.409830093383789
11.0,11.011073,-0.011073112487792969
6.0,10.166628,-4.166627883911133
3.0,7.8380475,-4.838047504425049
6.0,7.3080025,-1.3080024719238281
4.0,6.647325,-2.647325038909912
3.0,6.492256,-3.4922561645507812
10.0,6.270763,3.7292370796203613
10.0,8.523163,1.476837158203125
15.000000000000002,10.435305,4.564695358276369
16.0,12.462853,3.53714656829834
16.0,12.6742525,3.325747489929199
15.000000000000002,16.175611,-1.175611495971678
33.0,18.662544,14.337455749511719
54.0,32.019646,21.98035430908203
62.99999999999999,53.259773,9.740226745605462
89.0,66.5822,22.417800903320312
114.0,106.99686,7.003143310546875
138.0,126.605064,11.394935607910156
141.0,131.24376,9.756240844726562
143.0,126.74583,16.254173278808594
145.0,132.15851,12.84149169921875
153.0,134.51874,18.48126220703125
150.0,155.16832,-5.1683197021484375
115.99999999999999,129.44315,-13.44314575195314
89.0,69.500885,19.499114990234375
68.0,77.37744,-9.37744140625
59.0,71.05473,-12.054733276367188
31.0,23.929386,7.070613861083984
30.000000000000004,35.685272,-5.6852722167968714
48.0,30.916557,17.08344268798828
57.0,42.49276,14.507240295410156
62.0,49.552708,12.44729232788086
60.00000000000001,58.676357,1.3236427307128977
65.0,57.744865,7.255134582519531
69.0,71.4182,-2.4181976318359375
83.0,79.79853,3.2014694213867188
93.0,91.499435,1.5005645751953125
103.0,99.68777,3.3122329711914062
118.0,109.76442,8.235580444335938
122.0,125.59377,-3.5937728881835938
137.0,131.44397,5.5560302734375
145.0,138.46855,6.5314483642578125
158.0,157.07536,0.9246368408203125
183.0,151.9723,31.027694702148438
182.0,180.80267,1.19732666015625
209.0,169.91005,39.08995056152344
223.0,207.10617,15.893829345703125
184.0,156.96477,27.035232543945312
185.0,157.55385,27.446151733398438
149.0,156.78925,-7.78924560546875
114.0,107.730606,6.2693939208984375
82.0,92.88097,-10.880966186523438
73.0,69.157524,3.8424758911132812
79.0,62.41807,16.581928253173828
78.0,68.08755,9.912452697753906
104.0,74.5084,29.491600036621094
119.0,105.9207,13.079299926757812
125.99999999999999,124.38882,1.611183166503892
179.0,121.778404,57.221595764160156
216.99999999999997,199.57785,17.422149658203097
231.0,212.52486,18.475143432617188
230.00000000000003,224.302,5.697998046875028
229.0,243.9041,-14.904098510742188
251.0,242.0944,8.905593872070312
270.0,258.31796,11.682037353515625
289.0,294.1094,-5.109405517578125
286.0,289.29535,-3.29534912109375
289.0,273.2339,15.76611328125
291.0,277.84906,13.15093994140625
288.0,286.43362,1.566375732421875
289.0,273.56165,15.4383544921875
288.0,280.20398,7.7960205078125
296.0,260.31754,35.682464599609375
314.0,343.35553,-29.35552978515625
325.0,305.64673,19.353271484375
317.0,335.6052,-18.605194091796875
318.0,315.9918,2.008209228515625
327.0,318.0771,8.92291259765625
303.0,317.81573,-14.81573486328125
322.0,266.5996,55.400390625
325.0,288.51474,36.485260009765625
330.0,299.83432,30.165679931640625
366.0,300.2521,65.74789428710938
352.0,302.58154,49.41845703125
359.0,281.17545,77.82455444335938
366.0,316.7011,49.29888916015625
375.0,318.39087,56.609130859375
358.0,303.82315,54.176849365234375
71.0,213.67503,-142.67503356933594
17.0,7.7757583,9.224241733551025
9.0,17.602047,-8.602046966552734
3.0,14.473988,-11.473987579345703
10.0,13.629785,-3.62978458404541
17.0,16.129625,0.8703746795654297
16.0,23.367125,-7.367124557495117
23.0,28.784565,-5.784564971923828
17.0,30.954279,-13.954278945922852
17.0,20.263834,-3.263833999633789
20.0,14.144035,5.855964660644531
17.0,16.224327,0.7756729125976562
18.0,14.13321,3.8667898178100586
10.0,13.012191,-3.012190818786621
10.0,9.315801,0.684199333190918
8.0,8.541037,-0.5410366058349609
6.0,8.39317,-2.3931703567504883
8.0,7.2294517,0.7705483436584473
10.0,7.565494,2.4345059394836426
16.0,9.993234,6.006766319274902
22.0,15.371127,6.628872871398926
18.0,20.743923,-2.7439231872558594
10.0,14.510451,-4.510451316833496
10.0,9.438796,0.5612039566040039
11.0,11.896767,-0.8967666625976562
9.0,12.529694,-3.529693603515625
11.0,10.968107,0.03189277648925781
14.0,11.616574,2.383425712585449
3.0,11.878124,-8.878124237060547
5.0,8.115275,-3.1152753829956055
3.0,8.01824,-5.018239974975586
5.0,7.9542294,-2.9542293548583984
3.0,7.767597,-4.767597198486328
3.0,8.519416,-5.519415855407715
6.0,7.896138,-1.8961381912231445
3.0,8.772882,-5.772882461547852
3.0,7.174703,-4.174703121185303
4.0,6.781909,-2.7819089889526367
5.0,6.606838,-1.6068382263183594
8.0,6.768583,1.231417179107666
3.0,8.765659,-5.765659332275391
12.0,7.7235074,4.276492595672607
10.0,11.591866,-1.5918655395507812
5.0,12.342518,-7.342517852783203
11.0,9.859093,1.1409072875976562
16.0,12.658057,3.34194278717041
20.0,18.142242,1.857757568359375
21.0,25.916906,-4.916906356811523
31.0,33.786274,-2.786273956298828
40.0,33.299538,6.700462341308594
42.0,37.20438,4.795619964599609
52.99999999999999,40.39265,12.607349395751946
69.0,64.61949,4.3805084228515625
67.0,77.20174,-10.201736450195312
57.99999999999999,76.28103,-18.2810287475586
56.0,70.137505,-14.137504577636719
56.0,62.532772,-6.532772064208984
61.0,60.87413,0.1258697509765625
66.0,59.321114,6.678886413574219
70.0,80.22217,-10.22216796875
71.0,73.03965,-2.0396499633789062
74.0,78.979996,-4.9799957275390625
45.0,72.9201,-27.92009735107422
37.0,46.14069,-9.140689849853516
35.0,37.895477,-2.895477294921875
44.0,47.401863,-3.4018630981445312
44.0,53.146328,-9.14632797241211
46.0,54.20291,-8.202911376953125
57.0,50.900265,6.099735260009766
91.0,70.228836,20.771163940429688
95.0,108.764854,-13.764854431152344
91.0,104.49636,-13.496360778808594
95.0,96.726425,-1.7264251708984375
98.0,95.44948,2.5505218505859375
100.0,101.16914,-1.1691436767578125
99.0,94.59965,4.400352478027344
104.0,100.2463,3.7537002563476562
96.0,88.933784,7.066215515136719
98.0,90.82414,7.1758575439453125
95.0,101.55217,-6.5521697998046875
72.0,81.27517,-9.275169372558594
44.0,66.03245,-22.032447814941406
9.0,36.802227,-27.802227020263672
7.0,7.889967,-0.8899669647216797
8.0,8.0824175,-0.08241748809814453
15.000000000000002,8.711795,6.288205146789553
16.0,9.727105,6.272894859313965
11.0,10.421022,0.5789775848388672
14.0,8.979077,5.020922660827637
13.0,11.159256,1.8407440185546875
13.0,12.811329,0.18867111206054688
15.000000000000002,12.063698,2.9363021850585955
15.000000000000002,14.0146055,0.9853944778442401
9.0,14.441251,-5.441250801086426
17.0,11.341088,5.65891170501709
12.0,12.578313,-0.578312873840332
9.0,11.317957,-2.3179569244384766
8.0,11.7094145,-3.709414482116699
12.0,10.444039,1.5559606552124023
14.0,11.848193,2.1518068313598633
10.0,13.517497,-3.5174970626831055
6.0,9.236821,-3.236821174621582
4.5,8.270476,-3.7704763412475586
3.0,7.1806045,-4.180604457855225
10.0,8.165968,1.8340320587158203
6.0,11.395035,-5.3950347900390625
5.0,7.821471,-2.8214712142944336
7.0,9.569955,-2.5699548721313477
4.0,7.4725313,-3.472531318664551
8.0,6.6876736,1.312326431274414
4.0,9.27982,-5.279820442199707
9.0,8.828521,0.1714792251586914
10.0,10.036059,-0.03605937957763672
9.0,10.026324,-1.0263242721557617
4.0,10.038875,-6.038874626159668
5.0,7.3335834,-2.333583354949951
8.0,7.8146787,0.18532133102416992
8.0,9.33611,-1.3361101150512695
5.0,10.2590885,-5.259088516235352
9.0,8.601472,0.3985280990600586
8.0,11.555619,-3.555619239807129
10.0,8.4188175,1.5811824798583984
7.0,10.117422,-3.117422103881836
6.0,8.270728,-2.27072811126709
6.0,7.991374,-1.9913740158081055
6.0,8.773214,-2.773214340209961
7.0,6.754819,0.24518108367919922
5.0,8.681636,-3.681635856628418
9.0,7.3824344,1.617565631866455
4.0,9.069629,-5.069628715515137
6.0,7.2271094,-1.227109432220459
10.0,8.351181,1.6488189697265625
3.0,8.674441,-5.674441337585449
10.0,8.192502,1.8074979782104492
10.0,9.777881,0.22211933135986328
6.0,8.854236,-2.8542356491088867
9.0,7.7326612,1.267338752746582
5.0,9.1988535,-4.198853492736816
11.0,8.6363,2.3636999130249023
7.0,12.301229,-5.3012285232543945
5.0,9.53017,-4.530170440673828
4.0,9.118638,-5.118638038635254
10.0,8.8325405,1.167459487915039
12.0,11.533498,0.46650218963623047
19.0,12.465496,6.534503936767578
5.0,19.295568,-14.295568466186523
9.0,8.162666,0.8373336791992188
9.0,11.120325,-2.1203250885009766
6.0,9.634246,-3.6342458724975586
11.0,11.26153,-0.26152992248535156
9.0,12.874034,-3.8740339279174805
9.0,10.748776,-1.7487764358520508
14.0,15.581935,-1.581934928894043
12.0,13.775617,-1.7756166458129883
9.0,14.657655,-5.657654762268066
14.0,15.393148,-1.393148422241211
23.0,12.802716,10.197283744812012
21.0,32.630867,-11.630867004394531
22.0,15.041591,6.958409309387207
14.0,24.134977,-10.134977340698242
10.0,18.53861,-8.538610458374023
5.0,13.069454,-8.069454193115234
7.0,10.2694025,-3.269402503967285
25.0,13.052437,11.947563171386719
40.0,36.17346,3.8265419006347656
48.0,31.457563,16.542436599731445
51.0,43.23965,7.760349273681641
62.0,52.57626,9.42374038696289
109.0,64.019005,44.980995178222656
171.0,134.74301,36.256988525390625
251.99999999999997,203.4871,48.512893676757784
278.0,269.22464,8.775360107421875
224.0,262.81738,-38.8173828125
191.0,166.966,24.03399658203125
202.0,197.12962,4.8703765869140625
186.0,151.94392,34.05607604980469
118.0,156.84438,-38.84437561035156
80.0,77.01174,2.9882583618164062
74.0,58.48726,15.512741088867188
51.0,63.84265,-12.8426513671875
118.0,52.904995,65.09500503540039
123.0,155.34839,-32.348388671875
140.0,118.279724,21.72027587890625
148.0,170.95688,-22.956878662109375
140.0,162.61201,-22.612014770507812
136.0,145.83871,-9.838714599609375
114.0,146.38824,-32.38824462890625
105.00000000000001,106.62583,-1.625831604003892
104.0,106.26432,-2.2643203735351562
120.99999999999999,107.99674,13.00325775146483
124.0,136.11702,-12.117019653320312
113.0,130.12581,-17.125808715820312
109.0,127.23469,-18.23468780517578
115.00000000000001,116.38111,-1.381111145019517
122.0,132.73096,-10.73095703125
138.0,129.2246,8.775405883789062
153.0,163.23286,-10.232864379882812
142.0,163.50435,-21.504348754882812
155.0,152.98242,2.017578125
166.0,173.18033,-7.180328369140625
174.0,183.1944,-9.19439697265625
143.0,185.63728,-42.63728332519531
99.0,122.6967,-23.696701049804688
91.0,87.841385,3.1586151123046875
74.0,80.09926,-6.0992584228515625
45.0,51.382946,-6.382946014404297
32.0,38.904484,-6.904483795166016
19.0,27.984018,-8.984018325805664
20.0,14.996143,5.003856658935547
14.0,15.82881,-1.8288097381591797
16.0,12.294554,3.705446243286133
22.0,17.507116,4.492883682250977
19.0,25.302244,-6.302244186401367
25.0,30.795094,-5.795093536376953
23.0,39.376682,-16.37668228149414
85.0,86.400444,-1.4004440307617188
102.0,115.96757,-13.967567443847656
159.0,99.93676,59.06324005126953
165.0,214.68565,-49.68565368652344
123.0,170.8527,-47.85270690917969
101.0,112.444244,-11.444244384765625
122.0,110.46525,11.534751892089844
137.0,112.8889,24.111099243164062
136.0,117.40276,18.59723663330078
135.0,121.17668,13.823318481445312
120.99999999999999,115.86538,5.134620666503892
115.99999999999999,103.762886,12.237113952636705
112.0,115.47359,-3.4735870361328125
119.0,108.47211,10.52789306640625
161.0,117.491936,43.50806427001953
176.0,180.22702,-4.227020263671875
187.0,170.9392,16.060806274414062
202.0,196.5754,5.4246063232421875
211.0,234.5398,-23.539794921875
215.00000000000003,233.62215,-18.622146606445284
209.0,228.7849,-19.784896850585938
193.0,207.99454,-14.994537353515625
187.0,176.6684,10.33160400390625
181.0,165.84451,15.155487060546875
176.0,172.18526,3.8147430419921875
187.0,175.4102,11.589797973632812
193.0,218.96207,-25.962066650390625
199.0,189.74733,9.252670288085938
221.0,217.68727,3.3127288818359375
234.0,247.5228,-13.522796630859375
235.00000000000003,254.42307,-19.423065185546847
218.0,264.83084,-46.830841064453125
220.00000000000003,219.80974,0.19026184082034092
219.0,222.10474,-3.104736328125
228.0,209.2725,18.727493286132812
218.0,230.91725,-12.917251586914062
213.0,210.0741,2.9259033203125
215.00000000000003,226.65602,-11.656021118164034
220.00000000000003,225.60695,-5.606948852539034
228.0,234.93442,-6.934417724609375
235.00000000000003,233.11446,1.885543823242216
239.0,245.88237,-6.8823699951171875
239.0,242.22435,-3.2243499755859375
3.0,194.01624,-191.0162353515625
3.0,14.757479,-11.757478713989258
175.0,110.02113,64.97886657714844
236.99999999999997,194.87138,42.128616333007784
233.0,249.91196,-16.911956787109375
231.0,220.95105,10.0489501953125
226.0,224.28783,1.7121734619140625
251.99999999999997,220.01183,31.988174438476534
257.0,249.39241,7.6075897216796875
246.99999999999997,248.54741,-1.547409057617216
250.00000000000003,234.61406,15.385940551757841
262.0,235.6822,26.317794799804688
251.99999999999997,254.80272,-2.802719116210966
256.0,235.65231,20.347686767578125
260.0,233.84439,26.155609130859375
251.99999999999997,238.09514,13.904861450195284
251.0,225.4804,25.519607543945312
216.0,233.6981,-17.698104858398438
135.0,167.16002,-32.16001892089844
89.0,72.91247,16.08753204345703
35.0,40.058475,-5.058475494384766
20.0,34.000378,-14.000377655029297
17.0,22.697159,-5.6971588134765625
9.0,11.765052,-2.76505184173584
7.0,11.474335,-4.474334716796875
3.0,7.4396863,-4.439686298370361
8.0,5.3734913,2.6265087127685547
7.0,9.523149,-2.523148536682129
7.0,10.36342,-3.363419532775879
6.0,10.013352,-4.013352394104004
6.0,9.249689,-3.2496891021728516
9.0,8.09022,0.9097795486450195
11.0,8.269189,2.73081111907959
6.0,8.628885,-2.628885269165039
6.0,6.977531,-0.9775309562683105
7.0,6.9441476,0.055852413177490234
8.0,8.330738,-0.3307380676269531
3.0,8.455406,-5.455406188964844
8.0,9.611265,-1.6112651824951172
13.0,10.2762375,2.7237625122070312
14.0,10.58173,3.4182701110839844
10.0,11.238164,-1.238163948059082
22.0,10.82321,11.176790237426758
4.0,11.037254,-7.037254333496094
9.0,6.3152785,2.6847214698791504
10.0,8.790668,1.2093324661254883
6.0,8.126928,-2.1269283294677734
10.0,7.9417872,2.0582127571105957
6.0,9.502006,-3.5020055770874023
28.999999999999996,10.256165,18.743835449218746
43.0,31.67132,11.328680038452148
54.0,51.39088,2.609119415283203
65.0,66.72165,-1.721649169921875
62.0,75.22482,-13.224822998046875
60.00000000000001,64.58691,-4.586906433105462
67.0,57.52252,9.477481842041016
62.99999999999999,64.46188,-1.461883544921882
62.0,61.365948,0.6340522766113281
68.0,63.304176,4.695823669433594
86.0,72.70209,13.29791259765625
97.0,82.935814,14.064186096191406
98.0,94.72899,3.2710113525390625
108.0,98.02245,9.977546691894531
92.0,95.69064,-3.690643310546875
88.0,85.5472,2.4527969360351562
74.0,86.52568,-12.525680541992188
77.0,71.33179,5.668212890625
90.0,72.51328,17.486717224121094
99.0,86.87877,12.121231079101562
94.0,95.68866,-1.68865966796875
100.0,90.65624,9.343757629394531
99.0,105.22486,-6.224861145019531
95.0,100.24022,-5.2402191162109375
93.0,95.47042,-2.4704208374023438
68.0,94.160225,-26.16022491455078
61.0,77.39036,-16.390357971191406
71.0,72.471924,-1.471923828125
84.0,83.490585,0.5094146728515625
105.99999999999999,91.55094,14.44905853271483
108.0,120.0249,-12.02490234375
115.00000000000001,107.24781,7.752189636230483
130.0,129.44113,0.558868408203125
129.0,138.35382,-9.35382080078125
134.0,140.04541,-6.04541015625
138.0,152.45695,-14.456954956054688
152.0,147.26854,4.7314605712890625
160.0,154.66351,5.33648681640625
159.0,163.23929,-4.239288330078125
158.0,170.77478,-12.7747802734375
161.0,162.94563,-1.9456329345703125
161.0,166.31134,-5.31134033203125
158.0,170.90555,-12.905548095703125
165.0,155.55252,9.447479248046875
160.0,154.28062,5.7193756103515625
156.0,162.53528,-6.5352783203125
152.0,141.50392,10.496078491210938
69.0,122.33461,-53.33460998535156
6.0,33.09548,-27.095481872558594
10.0,7.730227,2.269773006439209
15.000000000000002,9.418173,5.581827163696291
8.0,9.393032,-1.3930320739746094
11.0,7.99957,3.000430107116699
4.0,11.705077,-7.705077171325684
3.0,9.510316,-6.510315895080566
9.0,7.636942,1.363058090209961
6.0,9.034466,-3.034465789794922
3.0,9.36325,-6.363249778747559
6.0,6.362923,-0.36292314529418945
3.0,7.3577685,-4.357768535614014
3.0,6.998988,-3.998988151550293
3.0,7.2843485,-4.284348487854004
3.0,6.5027256,-3.502725601196289
4.0,6.3889394,-2.388939380645752
10.0,7.538044,2.461956024169922
5.0,8.07131,-3.071310043334961
9.0,6.896321,2.1036791801452637
8.0,7.995787,0.004212856292724609
8.0,7.860034,0.13996601104736328
12.0,8.610004,3.389995574951172
10.0,10.882265,-0.8822650909423828
10.333333333333334,10.22579,0.10754330952962299
10.666666666666666,10.202817,0.4638497034708653
11.0,11.131143,-0.13114261627197266
10.0,13.030491,-3.0304908752441406
9.0,12.508775,-3.508774757385254
17.0,12.047058,4.95294189453125
23.0,25.202742,-2.2027416229248047
32.0,33.667698,-1.6676979064941406
41.0,29.269527,11.730472564697266
40.0,33.447933,6.552066802978516
39.0,35.792152,3.2078475952148438
38.0,26.229681,11.770318984985352
42.0,27.857111,14.142889022827148
55.00000000000001,49.046745,5.953254699707038
68.0,48.341652,19.658348083496094
81.0,70.32185,10.678146362304688
76.0,82.51304,-6.513038635253906
71.0,81.98097,-10.980972290039062
66.0,73.56733,-7.567329406738281
67.0,73.90283,-6.90283203125
61.0,73.05069,-12.050689697265625
55.00000000000001,55.37547,-0.37546920776366477
44.0,61.005127,-17.005126953125
33.0,56.252922,-23.25292205810547
38.0,37.613113,0.3868865966796875
28.999999999999996,61.88639,-32.886390686035156
31.0,49.36367,-18.363670349121094
30.000000000000004,48.1438,-18.143798828124996
37.0,35.5539,1.4460983276367188
61.0,43.382427,17.617572784423828
48.0,62.186966,-14.186965942382812
52.0,45.73476,6.265239715576172
57.99999999999999,58.277798,-0.2777976989746165
59.0,66.81394,-7.813941955566406
56.0,64.829475,-8.829475402832031
75.0,65.85501,9.144989013671875
86.0,78.52239,7.477607727050781
87.0,86.48499,0.5150070190429688
82.0,86.45231,-4.452308654785156
81.0,84.50824,-3.50823974609375
83.0,81.53892,1.4610824584960938
100.0,88.648155,11.351844787597656
103.0,103.35049,-0.35048675537109375
120.00000000000001,111.772934,8.227066040039077
125.00000000000001,129.23352,-4.233520507812486
124.0,128.59561,-4.595611572265625
138.0,136.85449,1.1455078125
141.0,148.05962,-7.0596160888671875
138.0,150.67683,-12.676834106445312
145.0,128.99217,16.007827758789062
129.0,133.52213,-4.522125244140625
15.000000000000002,84.03707,-69.03707122802734
12.0,10.6387005,1.3612995147705078
9.0,10.7192545,-1.719254493713379
7.0,9.982593,-2.9825925827026367
15.000000000000002,8.8381815,6.161818504333498
10.0,12.751706,-2.751706123352051
10.0,9.389083,0.6109170913696289
17.0,10.8867035,6.1132965087890625
13.0,14.037286,-1.0372858047485352
17.0,10.548402,6.451598167419434
15.000000000000002,14.291837,0.708163261413576
14.0,19.629457,-5.629457473754883
11.0,20.411087,-9.411087036132812
10.0,13.877063,-3.8770627975463867
18.0,13.167868,4.832132339477539
23.0,19.359642,3.6403579711914062
14.0,18.717148,-4.7171478271484375
12.0,11.563705,0.4362945556640625
19.0,10.007335,8.99266529083252
12.0,13.561791,-1.5617914199829102
10.0,12.442638,-2.442638397216797
20.0,11.757738,8.24226188659668
34.0,19.923452,14.076547622680664
26.0,34.714928,-8.714927673339844
33.0,32.523056,0.4769439697265625
28.0,36.767097,-8.767097473144531
28.0,35.071217,-7.071216583251953
32.0,40.36766,-8.367660522460938
37.0,41.357635,-4.357635498046875
47.0,42.684696,4.315303802490234
55.00000000000001,54.269436,0.7305641174316477
62.0,61.916466,0.08353424072265625
76.0,66.30338,9.696617126464844
84.0,71.98601,12.013992309570312
87.0,77.61788,9.382118225097656
89.0,78.46769,10.532310485839844
78.0,81.69561,-3.6956100463867188
59.0,63.853165,-4.8531646728515625
31.0,57.513508,-26.513507843017578
21.0,33.614292,-12.61429214477539
28.0,20.293634,7.706365585327148
9.0,28.590841,-19.59084129333496
13.0,10.14426,2.8557395935058594
11.0,12.406879,-1.4068794250488281
22.0,12.708919,9.291081428527832
23.0,22.441471,0.5585289001464844
31.0,20.105509,10.894491195678711
17.0,26.65657,-9.656570434570312
14.0,17.394161,-3.3941612243652344
18.0,17.846807,0.15319252014160156
11.0,20.711273,-9.711273193359375
11.0,13.594372,-2.594371795654297
14.0,14.177618,-0.17761802673339844
10.0,18.069933,-8.06993293762207
7.0,14.800923,-7.8009233474731445
12.0,14.634584,-2.634584426879883
10.0,18.080318,-8.080318450927734
3.0,20.21747,-17.217470169067383
7.0,14.71343,-7.713430404663086
3.0,14.44557,-11.44556999206543
3.0,15.78951,-12.789509773254395
7.0,10.725413,-3.7254133224487305
11.0,15.893045,-4.893045425415039
20.0,15.640823,4.3591766357421875
9.0,16.080744,-7.080743789672852
4.0,10.290683,-6.290682792663574
13.0,8.526764,4.473236083984375
11.0,10.956807,0.04319286346435547
10.0,11.281444,-1.2814435958862305
9.0,13.317096,-4.317095756530762
10.0,12.731872,-2.7318716049194336
9.0,14.229829,-5.229828834533691
8.0,13.480334,-5.480334281921387
11.0,15.068095,-4.0680952072143555
15.000000000000002,13.454388,1.54561233520508
18.0,18.768148,-0.7681484222412109
19.0,25.255585,-6.255584716796875
16.0,21.83947,-5.839469909667969
11.0,18.73133,-7.731330871582031
17.0,19.261145,-2.2611446380615234
15.000000000000002,20.962593,-5.9625930786132795
12.0,16.319792,-4.319791793823242
20.0,22.359613,-2.3596134185791016
18.0,30.29403,-12.294029235839844
17.0,24.889141,-7.889141082763672
17.0,16.617327,0.3826732635498047
21.0,25.294266,-4.2942657470703125
19.0,23.727482,-4.727481842041016
18.0,20.62662,-2.626619338989258
18.0,16.817787,1.1822128295898438
25.0,16.82192,8.178079605102539
18.0,24.141132,-6.141132354736328
27.0,19.862741,7.137258529663086
25.0,30.742514,-5.742513656616211
33.0,26.583994,6.416006088256836
23.0,29.339186,-6.33918571472168
19.0,24.469833,-5.4698333740234375
28.999999999999996,25.57672,3.4232807159423793
36.0,32.53957,3.460430145263672
36.0,38.911053,-2.911052703857422
43.0,42.749702,0.25029754638671875
62.99999999999999,55.450554,7.549446105957024
60.00000000000001,62.629738,-2.629737854003899
53.5,65.06338,-11.563377380371094
47.0,62.143494,-15.14349365234375
54.0,59.403603,-5.403602600097656
59.0,69.584465,-10.584465026855469
70.0,69.10766,0.8923416137695312
87.0,75.213745,11.7862548828125
97.0,98.27192,-1.2719192504882812
87.0,100.02707,-13.027069091796875
94.0,95.82285,-1.8228530883789062
95.0,97.33868,-2.3386764526367188
105.00000000000001,99.79586,5.2041397094726705
109.0,103.40573,5.594268798828125
118.0,109.93228,8.067718505859375
101.5,121.54476,-20.044761657714844
85.0,89.61502,-4.615020751953125
68.5,75.21459,-6.714591979980469
52.0,61.99616,-9.996158599853516
47.0,46.649178,0.35082244873046875
43.0,49.27541,-6.275409698486328
51.0,46.275917,4.724082946777344
55.00000000000001,63.261738,-8.261737823486321
57.0,58.660667,-1.6606674194335938
62.0,50.725212,11.274787902832031
62.0,67.1097,-5.109703063964844
35.0,63.354862,-28.354862213134766
5.0,29.95772,-24.957719802856445
9.0,16.356756,-7.356756210327148
19.0,16.927088,2.0729122161865234
8.0,24.94169,-16.94169044494629
14.0,8.791565,5.20843505859375
11.0,9.648614,1.3513860702514648
12.0,11.186207,0.8137931823730469
12.0,13.074723,-1.074723243713379
14.0,13.694794,0.305206298828125
7.0,11.965837,-4.965836524963379
8.0,8.965192,-0.9651918411254883
6.0,9.955144,-3.955143928527832
13.0,8.958,4.041999816894531
9.0,12.176879,-3.1768789291381836
10.0,9.76325,0.23674964904785156
9.0,11.16131,-2.1613101959228516
15.000000000000002,12.880404,2.1195955276489276
20.0,15.470811,4.529189109802246
11.0,20.540245,-9.540245056152344
18.0,15.291026,2.7089738845825195
15.000000000000002,19.592676,-4.592676162719725
15.000000000000002,18.442461,-3.4424610137939435
